DateTime,P_Neg,P_Neu,P_Pos,P_Comp,Price
2017-10-31 05:00:00,0.02873314612053251,0.8933188193216083,0.0751418539929842,0.09839044871813293,6158.76
2017-10-31 06:00:00,0.03329756725823515,0.8668059890093985,0.09926762321007601,0.13343225094313715,6105.9
2017-10-31 07:00:00,0.032959638385098265,0.868896311129558,0.09675713313293689,0.1290652741423355,6094.36
2017-10-31 08:00:00,0.03267882383264163,0.8840611766015782,0.08326117663699038,0.1129100580628523,6125.13
2017-10-31 09:00:00,0.03503428928306962,0.8681866232517262,0.09622034859781255,0.13014856515532885,6165.0
2017-10-31 10:00:00,0.03564345436092871,0.8606891371413525,0.10310807776401303,0.13568651766249065,6170.77
2017-10-31 11:00:00,0.03178829542780651,0.8647567429615342,0.10294910941756409,0.15735806587031326,6233.74
2017-10-31 12:00:00,0.030205882419342592,0.8801615233088528,0.0891513982958366,0.12533736709512505,6201.03
2017-10-31 13:00:00,0.031716245319574524,0.8675417910496462,0.09945349344657155,0.14173261829054296,6332.34
2017-10-31 14:00:00,0.03407692322604481,0.8627873689516863,0.10212227121636216,0.13422697329212344,6363.13
2017-10-31 15:00:00,0.02596243864242189,0.904074533082977,0.06956932166977735,0.09652145489383647,6365.16
2017-10-31 16:00:00,0.03304940319327525,0.8932603954181486,0.07286537699508736,0.0804176200334613,6364.78
2017-10-31 17:00:00,0.03800045540728033,0.8856514908548045,0.07543227898248257,0.07654479852859113,6361.79
2017-10-31 18:00:00,0.04127698670855742,0.8629528863455328,0.09448071487234443,0.11364662193712749,6335.64
2017-10-31 19:00:00,0.04398989892468981,0.8634851467455347,0.09103594815432671,0.10880083227070825,6341.15
2017-10-31 20:00:00,0.033399936386882274,0.8711426298558863,0.0948189327190364,0.13567757338410885,6370.08
2017-10-31 21:00:00,0.04564373960006416,0.855585976355462,0.09876894842404157,0.1153976299820191,6393.26
2017-10-31 22:00:00,0.03538015654249644,0.8480576098092419,0.11585526311687945,0.14855536954692045,6383.94
2017-10-31 23:00:00,0.037893779768255156,0.8501593302535595,0.1115860313396642,0.13835693019716339,6448.36
2017-11-01 00:00:00,0.04102505614826876,0.8586662192406004,0.0971780759626187,0.11363785210621836,6376.49
2017-11-01 01:00:00,0.03960009525772282,0.8610718025233821,0.09552116004933474,0.1134876366040421,6405.67
2017-11-01 02:00:00,0.03694927538542644,0.8714512080170106,0.09063768110593448,0.1027010622429819,6419.6
2017-11-01 03:00:00,0.04397528595045993,0.8605382156453907,0.0936645308522256,0.09908375257511093,6426.88
2017-11-01 04:00:00,0.03507234801484964,0.8690914337271539,0.09584332006676326,0.1164653347496665,6365.63
2017-11-01 05:00:00,0.04368726048133268,0.87325335188387,0.0830704023030326,0.08153644614492568,6399.43
2017-11-01 06:00:00,0.04161614726444423,0.8694173752614301,0.08897497662720363,0.1002898480535623,6400.97
2017-11-01 07:00:00,0.03561727800963871,0.8643981657893501,0.09998600436985838,0.12993387951296267,6392.6
2017-11-01 08:00:00,0.03720683000261477,0.8683857618687301,0.09440740772727707,0.12119591100828586,6446.61
2017-11-01 09:00:00,0.03646170481562305,0.8524448291041128,0.09983600161998678,0.12143833831368536,6541.77
2017-11-01 10:00:00,0.031847391271705765,0.8849552763752396,0.08280266805162098,0.10540404059597547,6584.45
2017-11-01 11:00:00,0.037735754664831034,0.8859470881377076,0.0756859739399098,0.08081173996803215,6568.0
2017-11-01 12:00:00,0.03962608200857606,0.8790868463229281,0.08072884676884885,0.08793607869397012,6509.08
2017-11-01 13:00:00,0.036124963081129544,0.8587571633091001,0.10512023675675054,0.14039580412979405,6484.66
2017-11-01 14:00:00,0.03295121279297131,0.8690109008922665,0.09776342311621719,0.1366560625655929,6547.65
2017-11-01 15:00:00,0.03644272278814964,0.8677398989674923,0.09581986733923054,0.11967124946997952,6556.74
2017-11-01 16:00:00,0.03680448068175604,0.8669533820295529,0.09488685252399945,0.1164171296258464,6587.46
2017-11-01 17:00:00,0.03637295096511595,0.8582961602012745,0.10401143236977721,0.14727678932364555,6604.57
2017-11-01 18:00:00,0.04900421201540847,0.8492902549386321,0.10150105316600602,0.08359724292633247,6585.55
2017-11-01 19:00:00,0.048290407762145826,0.8463007188529419,0.10348177465299765,0.10778887320926292,6615.47
2017-11-01 20:00:00,0.041364926697866886,0.8581108961335908,0.10004161657003333,0.11670781771966277,6568.12
2017-11-01 21:00:00,0.029466745850238552,0.8631280267677511,0.106932303866022,0.14451840820588446,6587.57
2017-11-01 22:00:00,0.03108689801921311,0.8708197458003007,0.09809362389526124,0.13101073450546433,6663.25
2017-11-01 23:00:00,0.03444721740502191,0.8660728625624056,0.09947905908122326,0.1261598676730565,6743.06
2017-11-02 00:00:00,0.0326650331135647,0.8622992208743515,0.10503459172084408,0.14210564942814224,6827.61
2017-11-02 01:00:00,0.042014017465229474,0.8560605738316669,0.10167434264967529,0.10604100062363829,6835.46
2017-11-02 02:00:00,0.03454642861638041,0.8730516664045198,0.09216095224998537,0.10729895197387253,6814.19
2017-11-02 03:00:00,0.03714066854571731,0.876918941180022,0.08566239557454679,0.09235233958663995,6877.79
2017-11-02 04:00:00,0.044487070209661916,0.8657485072959652,0.08720886608959938,0.08770772992688464,6860.46
2017-11-02 05:00:00,0.03522661001277796,0.870398845012104,0.09255194414253115,0.10299061395042323,6862.07
2017-11-02 06:00:00,0.040312385926302825,0.8715261226539678,0.08816185600818793,0.09147332821505476,6971.25
2017-11-02 07:00:00,0.04158635111006812,0.8747339823431125,0.08333217253400049,0.08187907383891346,6939.93
2017-11-02 08:00:00,0.03953962266505407,0.8688479777977794,0.09104555276626686,0.09559566020799896,6976.82
2017-11-02 09:00:00,0.038981038731028664,0.8696586975654294,0.09079060166578727,0.0924778230706543,6991.19
2017-11-02 10:00:00,0.039107401665361835,0.8669060548289252,0.09397515512166033,0.11556301746722533,7180.51
2017-11-02 11:00:00,0.036555651248110894,0.8692656614391616,0.09395091483375485,0.10899767398802149,6971.36
2017-11-02 12:00:00,0.04140071721670388,0.8747054113625975,0.08306586248529901,0.08032746892604634,6975.91
2017-11-02 13:00:00,0.038657327206471026,0.8671317698317283,0.09403192334979049,0.09044598383643335,7126.46
2017-11-02 14:00:00,0.03945928848249168,0.8720559676244796,0.08752901178751539,0.08698743029722111,7005.08
2017-11-02 15:00:00,0.036782440871865794,0.879948296011825,0.08074534166993882,0.08454487145676226,7075.9
2017-11-02 16:00:00,0.05060994561437765,0.8608767404755552,0.08623611345937109,0.06780290903152086,6965.58
2017-11-02 17:00:00,0.04901489042866753,0.8559457669741121,0.09159341693671894,0.07689667624774678,6990.96
2017-11-02 18:00:00,0.047677621349738984,0.8625247265181631,0.08854773092274561,0.0792040524483587,6873.09
2017-11-02 19:00:00,0.05455393958713349,0.8528954341173699,0.09145103109279025,0.0758914569439435,6972.15
2017-11-02 20:00:00,0.047580554484931904,0.8602127359155528,0.09120449978018583,0.08652376384508854,7056.2
2017-11-02 21:00:00,0.04510120585278033,0.8550711603716301,0.09844237981600873,0.10023510531618246,7083.6
2017-11-02 22:00:00,0.04590215632178489,0.8702990954896013,0.0833341060761244,0.07475161078063079,7022.01
2017-11-02 23:00:00,0.04377347782208085,0.865081785256341,0.09062693485753733,0.09026083517277814,7029.98
2017-11-03 00:00:00,0.04271054201098764,0.8660023825075599,0.09068969614746103,0.09523329303671726,6993.33
2017-11-03 01:00:00,0.04054870345358189,0.8799351680361719,0.07951802653622808,0.07788924700880964,6994.66
2017-11-03 02:00:00,0.03996671942518744,0.8774665613370917,0.0812966719730248,0.0870993335047964,7043.31
2017-11-03 03:00:00,0.03662400005215948,0.8720080001896078,0.09063636333834041,0.10956636255623942,7195.12
2017-11-03 04:00:00,0.028909330349170384,0.8803337249151968,0.09046417090668075,0.14339991248098075,7212.95
2017-11-03 05:00:00,0.03162893704615358,0.8874317588299279,0.0806095800741412,0.09961600981535405,7233.02
2017-11-03 06:00:00,0.02708189416583368,0.9057908074520424,0.06684791095720859,0.08491824440759267,7209.35
2017-11-03 07:00:00,0.02556989243695157,0.9092758193399704,0.06490372575839987,0.08033833414466157,7322.47
2017-11-03 08:00:00,0.04214574775970363,0.8544780278729744,0.10275276688610946,0.13004871798662154,7412.44
2017-11-03 09:00:00,0.04057434670902402,0.8571763298029154,0.10195193799270205,0.13102562161994502,7371.65
2017-11-03 10:00:00,0.042442083949650336,0.8624240398847165,0.09483934827669327,0.1082637649273708,7406.72
2017-11-03 11:00:00,0.03467939983462138,0.8831073209311323,0.08219895422841511,0.09532535096819768,7301.49
2017-11-03 12:00:00,0.0430633788878026,0.8599783679880983,0.09652152284576912,0.11773540709928611,7321.09
2017-11-03 13:00:00,0.04011129013805122,0.8648057015641417,0.09507702944843516,0.11349976851379383,7240.45
2017-11-03 14:00:00,0.042141442633643986,0.8755851448737125,0.08205489788938261,0.0885163177225831,7280.07
2017-11-03 15:00:00,0.037209447951404004,0.8763874024795602,0.08596289915702048,0.10085959795611726,7351.53
2017-11-03 16:00:00,0.04661286916100414,0.866501804847048,0.08305393916234947,0.0777949876889482,7299.47
2017-11-03 17:00:00,0.0337647711693074,0.8770622226768662,0.08787019936123001,0.12038587413053863,7290.6
2017-11-03 18:00:00,0.04383463282359762,0.8644035696267935,0.09155601133570644,0.10491351993506294,7334.57
2017-11-03 19:00:00,0.033355912253883103,0.8677656355966564,0.09533372654427694,0.1325161894913064,7276.77
2017-11-03 20:00:00,0.036568170757767846,0.8748273663971867,0.08491907790741715,0.10938636442032507,7249.52
2017-11-03 21:00:00,0.03443607206487603,0.8872027217501509,0.0764210014733068,0.09232819542408988,7145.95
2017-11-03 22:00:00,0.036538888925006466,0.8740145510033009,0.08785899477424446,0.10536462901376936,7207.76
2017-11-03 23:00:00,0.03691982400552992,0.8633562407829688,0.09472804705936479,0.11830181927938511,7197.37
2017-11-04 00:00:00,0.046624267516835564,0.8612633572184435,0.09038676315214214,0.09655256684701305,7097.96
2017-11-04 01:00:00,0.043448414317052174,0.8458185455421997,0.10752308285533066,0.1260694480089479,7077.95
2017-11-04 02:00:00,0.035920546919448855,0.8711127117551527,0.09074796752485186,0.12475332423992296,7182.54
2017-11-04 03:00:00,0.03903604654754086,0.8671596894892611,0.08527286810612725,0.10242403027567247,7228.34
2017-11-04 04:00:00,0.04662192397036275,0.8533619686127776,0.09643176717712842,0.10439896928750696,7255.67
2017-11-04 05:00:00,0.042515515857733804,0.856156710543958,0.09938130336990644,0.12046881148171133,7203.43
2017-11-04 06:00:00,0.03444844402895244,0.8693550804111008,0.09318635174686828,0.13297300147717483,7187.34
2017-11-04 07:00:00,0.03624360631032325,0.8559133068508641,0.10783658478623817,0.1552195041278445,7240.15
2017-11-04 08:00:00,0.03925526193837334,0.8642373491350547,0.09605418730225203,0.12430917895809851,7165.93
2017-11-04 09:00:00,0.043346463626745886,0.8665443153630011,0.08965622250327546,0.10086875407387075,7143.41
2017-11-04 10:00:00,0.0330905155451707,0.8661446088096788,0.09859285953401273,0.14042827119164805,7173.87
2017-11-04 11:00:00,0.03470447873655658,0.8671027907004878,0.09745264332741499,0.1321976492619046,7152.55
2017-11-04 12:00:00,0.0388140299874346,0.8567051517297022,0.1022860797929925,0.13715812784528097,7189.26
2017-11-04 13:00:00,0.032981364362979236,0.8596715894848653,0.10452953620477148,0.14907753006483096,7313.96
2017-11-04 14:00:00,0.03289405484229508,0.8705650396546637,0.09450584369128555,0.13406920537942446,7300.69
2017-11-04 15:00:00,0.03490080280601124,0.8766505157472481,0.08759461028005826,0.11618319792574733,7332.16
2017-11-04 16:00:00,0.03637726823123352,0.8738124994673736,0.08930468762334767,0.11276421242772842,7352.03
2017-11-04 17:00:00,0.03482053196648001,0.8684427038912983,0.09648272492271172,0.13075451020314816,7342.51
2017-11-04 18:00:00,0.03132918633576828,0.8989286143062991,0.06933061407535947,0.08343722143619052,7343.8
2017-11-04 19:00:00,0.043577162195112894,0.8607422263693715,0.09457631455497462,0.11610209159663609,7422.15
2017-11-04 20:00:00,0.053313170081111534,0.8427803107988778,0.10180505967714612,0.1137004946789978,7454.26
2017-11-04 21:00:00,0.07539999974036282,0.8045930957377714,0.11982522861670344,0.14733669854152928,7457.12
2017-11-04 22:00:00,0.03712059816393194,0.8783974903853573,0.08402315535107731,0.09603256098584627,7410.72
2017-11-04 23:00:00,0.026524216637142703,0.9107179483857444,0.05828774928603902,0.06606593376914806,7375.09
2017-11-05 00:00:00,0.059697673963861955,0.8516716008679055,0.08335271308892961,0.03870190410278186,7343.74
2017-11-05 01:00:00,0.04945331174026987,0.8635802070616915,0.08059018357684397,0.057641061874855744,7399.86
2017-11-05 02:00:00,0.06235602123575061,0.8581992816131231,0.07814266991738171,0.030920256020047786,7375.74
2017-11-05 03:00:00,0.04828825040499184,0.8632409138918326,0.08468005109487049,0.07502979684651799,7409.62
2017-11-05 04:00:00,0.049757945364381065,0.8656917951577078,0.08159164808338118,0.062454065399868065,7425.77
2017-11-05 05:00:00,0.05609606430754286,0.8610105787956054,0.07739822251365137,0.04939225600587801,7459.23
2017-11-05 06:00:00,0.04659443934627911,0.8651381068609387,0.08736415860015448,0.08575442690026813,7472.37
2017-11-05 07:00:00,0.03985294114642385,0.8714940604370307,0.08751838249723297,0.09410636253919394,7432.55
2017-11-05 08:00:00,0.039309842308147214,0.8637129910407573,0.0950070865437623,0.11426224319729954,7446.36
2017-11-05 09:00:00,0.04070590409103135,0.8726819183718675,0.08476900381080779,0.08818147538429147,7433.68
2017-11-05 10:00:00,0.0431162875771878,0.8622251200033931,0.09242191582923721,0.09831017499322373,7461.19
2017-11-05 11:00:00,0.039788841848698374,0.8744216100444312,0.08543714661266928,0.09119844611252048,7544.63
2017-11-05 12:00:00,0.0354432564457519,0.8683415565296615,0.09621902431050937,0.11204281700874592,7540.54
2017-11-05 13:00:00,0.04290741285292277,0.8548063289034656,0.10170143560762633,0.11687866887922238,7583.04
2017-11-05 14:00:00,0.04229128345116997,0.8624732001010443,0.09279696812775565,0.10176123437004261,7544.48
2017-11-05 15:00:00,0.03866986907068229,0.8787906779827686,0.08171238775805967,0.0876704211280554,7529.61
2017-11-05 16:00:00,0.05713466216062331,0.8348378661649747,0.10749286304233276,0.1078757339814583,7512.57
2017-11-05 17:00:00,0.04637805826553296,0.8523984029371039,0.10019392251945358,0.1092430073484882,7517.34
2017-11-05 18:00:00,0.05621764307537849,0.835363911841646,0.10791706542298853,0.10559904473532038,7537.33
2017-11-05 19:00:00,0.05198554296655358,0.8300436178322255,0.11674908225905425,0.12249664205035865,7572.34
2017-11-05 20:00:00,0.044211937709715356,0.8607580595377189,0.09375710184205807,0.10699897775565625,7532.82
2017-11-05 21:00:00,0.04448946908992328,0.8674404267262678,0.08555422827404686,0.08546230732177842,7361.46
2017-11-05 22:00:00,0.040860682362071916,0.8668064633755538,0.0890969478958278,0.10190628334073955,7349.66
2017-11-05 23:00:00,0.03699660116350813,0.8716325530968043,0.08872356505507428,0.11336559624716448,7389.62
2017-11-06 00:00:00,0.0440650514632691,0.8594025891957946,0.09486724229927004,0.10600912679757069,7348.27
2017-11-06 01:00:00,0.04009590868777081,0.8730699506641956,0.08595248587754031,0.09555103342502398,7359.15
2017-11-06 02:00:00,0.04807841385294586,0.8605750340258231,0.09088868908869517,0.08565777327081356,7329.99
2017-11-06 03:00:00,0.038926390874141535,0.8628393980323495,0.09824090364530515,0.12626955155960964,7225.72
2017-11-06 04:00:00,0.037423154709619495,0.8575562729187288,0.09896167834146988,0.12964715492359755,7173.02
2017-11-06 05:00:00,0.037425515468321804,0.8642434850653894,0.09365849914293677,0.117738894668695,7316.8
2017-11-06 06:00:00,0.03583961962143411,0.8265441131028788,0.13499442382390947,0.2408909806717467,7309.16
2017-11-06 07:00:00,0.032788980486935404,0.8692642432069224,0.09607083959619457,0.1376299844318903,7297.32
2017-11-06 08:00:00,0.04676232396060942,0.8621158440925286,0.09005070427747469,0.0925556682489655,7355.31
2017-11-06 09:00:00,0.0357907359952134,0.8692572274723833,0.09429632081881498,0.12662020268783944,7317.62
2017-11-06 10:00:00,0.040838485695304176,0.8697539434165985,0.08877129352384185,0.09137589871260551,7316.31
2017-11-06 11:00:00,0.047665662558592226,0.8591134544347264,0.09188386887795674,0.08927034790636386,7335.61
2017-11-06 12:00:00,0.03447801597696047,0.8800847187278737,0.08516675603673382,0.1210973719171131,7417.7
2017-11-06 13:00:00,0.03539481753881478,0.876424630137,0.0873452214522593,0.11542716593295803,7342.49
2017-11-06 14:00:00,0.03614137320955524,0.8652227006480758,0.09762300474110029,0.1259647827851014,7282.67
2017-11-06 15:00:00,0.033860453565779276,0.8786812856136164,0.08670620482304492,0.11243942145403468,7268.25
2017-11-06 16:00:00,0.03091854136415124,0.8942886568021922,0.07337248407298994,0.09156218257216857,7155.73
2017-11-06 17:00:00,0.03872732138861811,0.8734019255379735,0.08465854960558789,0.10194468734225676,7118.54
2017-11-06 18:00:00,0.04533753786527562,0.8802139678518784,0.07421747269272053,0.05896066180627777,6993.09
2017-11-06 19:00:00,0.053931589584078045,0.870745220542014,0.07507193152150007,0.05078566294321926,7024.93
2017-11-06 20:00:00,0.036404658114372206,0.8920151383205273,0.07099796198688046,0.07594602544957384,7108.24
2017-11-06 21:00:00,0.03854988225177028,0.8876373386076372,0.07196595972005408,0.06983351597920183,7124.18
2017-11-06 22:00:00,0.038477370041545014,0.8750727821289581,0.08032966360267514,0.10254798069601986,6990.02
2017-11-06 23:00:00,0.03528748726442081,0.8918934845381956,0.07005860046276509,0.07475129196401692,6953.58
2017-11-07 00:00:00,0.02875769860601744,0.8933128032537488,0.07347082665319912,0.0927632084417095,7055.23
2017-11-07 01:00:00,0.04021454839668422,0.8749673067792659,0.07993624827352211,0.08679166242775622,7062.02
2017-11-07 02:00:00,0.038704491689378485,0.8820425510711798,0.07844996053235234,0.0835353811170577,7079.04
2017-11-07 03:00:00,0.03581977475700301,0.8809069662067758,0.08285732155927629,0.09219324092827909,7118.84
2017-11-07 04:00:00,0.03479853149002547,0.8810867364935068,0.08273015170434628,0.10258958145066542,7198.9
2017-11-07 05:00:00,0.037811377414775464,0.8828943537865265,0.07929597963906436,0.08463404573806083,7137.25
2017-11-07 06:00:00,0.031123437645146624,0.8858046875393484,0.08229218780616065,0.10116257780828164,7165.58
2017-11-07 07:00:00,0.02680353116129324,0.8908114197903966,0.08126671687972044,0.11450623531401112,7175.39
2017-11-07 08:00:00,0.030897959193209753,0.8757019641826738,0.09340161749570242,0.12029310678819342,7195.67
2017-11-07 09:00:00,0.03340410403876099,0.876263819123233,0.08907998335302825,0.1065755437567582,7149.56
2017-11-07 10:00:00,0.03743177117442238,0.8608866300893437,0.1013342525327333,0.13241247401131814,7164.02
2017-11-07 11:00:00,0.04717728234194773,0.8576963911082145,0.09512738854527442,0.10100461748841905,7190.34
2017-11-07 12:00:00,0.049477201524576006,0.8639386298408951,0.08629997141481915,0.07546159916121757,7195.0
2017-11-07 13:00:00,0.042409226088301014,0.8724755863311126,0.08511491772164255,0.08743968135321782,7070.37
2017-11-07 14:00:00,0.05009238905812377,0.8688200100107932,0.08084681680244998,0.0707096928131422,7012.61
2017-11-07 15:00:00,0.04181965672367886,0.8731942156515008,0.08475193989023219,0.08717274755570585,7054.07
2017-11-07 16:00:00,0.04074567605295512,0.8766816074643443,0.08257393416439282,0.08940918315735154,6998.52
2017-11-07 17:00:00,0.04262151676427969,0.8731731376953188,0.08283417087427798,0.08551448077650961,7097.49
2017-11-07 18:00:00,0.053806403852778996,0.8627088667577123,0.0822477833372472,0.06803024531917858,7100.78
2017-11-07 19:00:00,0.04506534010107879,0.8660529054433491,0.08458014905853642,0.08639685648420614,7091.37
2017-11-07 20:00:00,0.03783113841934444,0.8758416735170039,0.08340649696964773,0.09488680059314297,7003.36
2017-11-07 21:00:00,0.03674879724668774,0.8820719173072893,0.08017219552026425,0.09217586682788192,7074.47
2017-11-07 22:00:00,0.03775349967168964,0.8696777064540192,0.09051041317910984,0.09979682403577497,7078.19
2017-11-07 23:00:00,0.038301038256101955,0.8752048448450013,0.08544532894108535,0.09530913401717339,7112.74
2017-11-08 00:00:00,0.04199748851324137,0.866832077556671,0.08794366718701963,0.09146777819716788,7086.68
2017-11-08 01:00:00,0.0502753907465376,0.8614484371151775,0.0874890626364504,0.08133702946652192,7296.87
2017-11-08 02:00:00,0.05282196059570124,0.8649851056219056,0.08114340151155289,0.06497724135549869,7312.77
2017-11-08 03:00:00,0.04941595226404853,0.8561929664087337,0.09309648359945207,0.10460377195338826,7357.34
2017-11-08 04:00:00,0.05594496841093436,0.8614790800760882,0.08181681099098177,0.06608450657779703,7358.13
2017-11-08 05:00:00,0.053679389407047785,0.8581645033002355,0.08815381690603859,0.07798396778747951,7402.09
2017-11-08 06:00:00,0.038124607470907255,0.8766174519028235,0.08525270512798902,0.10572855014347489,7412.62
2017-11-08 07:00:00,0.04970217682175476,0.8503186023182243,0.09997757251244185,0.10961223491479823,7364.62
2017-11-08 08:00:00,0.040855181773558166,0.8645233359844945,0.09462113953313765,0.11950246985508263,7386.44
2017-11-08 09:00:00,0.04384387209051806,0.8583563627394543,0.09701405171156628,0.10591549471538342,7363.68
2017-11-08 10:00:00,0.042615491572085586,0.87683952755297,0.08019277546328363,0.07523782525425722,7363.09
2017-11-08 11:00:00,0.06220182389202089,0.8546164128510423,0.08317811554665805,0.056345682667064446,7462.54
2017-11-08 12:00:00,0.04108723674506054,0.8725228336545916,0.08609250594863986,0.10048501009112813,7467.79
2017-11-08 13:00:00,0.03584258403948772,0.8711760723129359,0.09274976694636713,0.1251725500628505,7486.97
2017-11-08 14:00:00,0.031323762686784655,0.8725052501599999,0.09574158993699909,0.13740646991556865,7505.69
2017-11-08 15:00:00,0.036674170389924966,0.8790211756264195,0.08353605499446323,0.1028223190266882,7498.89
2017-11-08 16:00:00,0.03369306105942354,0.8830246496131126,0.08294107703510599,0.10281141265464477,7476.0
2017-11-08 17:00:00,0.0581665343734497,0.8574146768790046,0.08416056276828984,0.07647292940870458,7721.98
2017-11-08 18:00:00,0.08804657673839701,0.8323144324797598,0.07924807262926452,0.013455573658367888,7316.73
2017-11-08 19:00:00,0.095390017054559,0.8227258881762018,0.0812465103493622,-0.008440831394271426,7248.03
2017-11-08 20:00:00,0.0887113489867331,0.829354407241129,0.08038707410534296,0.006495691058510493,7259.95
2017-11-08 21:00:00,0.07521445956372494,0.8417568645638478,0.08059593344344876,0.027188981238553196,7258.54
2017-11-08 22:00:00,0.07679870972641602,0.8475996313007197,0.07376534571364728,0.01918956707958089,7397.59
2017-11-08 23:00:00,0.07175330500594843,0.8432661893721415,0.0814033164278611,0.035202487151291026,7467.97
2017-11-09 00:00:00,0.06471943281944244,0.8410088330999135,0.09196490043127387,0.06929309609134368,7355.88
2017-11-09 01:00:00,0.061791073058114064,0.8395084692413174,0.0949502556165818,0.08492575914622291,7407.16
2017-11-09 02:00:00,0.07009474565418547,0.8382498740005396,0.08989565456290778,0.0596743803323087,7381.75
2017-11-09 03:00:00,0.06828916732635323,0.8455823163560775,0.0858799790092054,0.05426391309688083,7345.08
2017-11-09 04:00:00,0.05214386812481537,0.8533181011905226,0.09308107329844409,0.10156821870774399,7337.15
2017-11-09 05:00:00,0.05014448667080753,0.8490810177416158,0.09875021944964933,0.10606551552629935,7380.92
2017-11-09 06:00:00,0.06260340081173282,0.8313307732637937,0.10582446520999932,0.10869114062157768,7369.83
2017-11-09 07:00:00,0.061601392187724986,0.8434734553582848,0.09438526283702126,0.08425018851476966,7377.58
2017-11-09 08:00:00,0.05437755675732412,0.8508386358999732,0.09480994325131178,0.09508923246255356,7233.53
2017-11-09 09:00:00,0.06387808334123557,0.840799262026298,0.09535270776712661,0.08031355203691788,7257.58
2017-11-09 10:00:00,0.05433342572637665,0.8451917536832974,0.09939014946904774,0.1073532924607528,7202.42
2017-11-09 11:00:00,0.06866169046144809,0.8288938943242048,0.1016742202970496,0.09076022310219695,7125.94
2017-11-09 12:00:00,0.07271816487657778,0.8333422276662307,0.0937144196965498,0.07165819124801762,7189.34
2017-11-09 13:00:00,0.05208757828498281,0.8461912425436325,0.09681076883863561,0.10254477086798242,7129.24
2017-11-09 14:00:00,0.05338386550141187,0.8372343726750998,0.10135901395300564,0.10516725205806536,7228.23
2017-11-09 15:00:00,0.05224975136752746,0.8504197020791656,0.09653273660967598,0.09183178026914893,7173.31
2017-11-09 16:00:00,0.046890319012851775,0.8609727655683874,0.09083174778896579,0.09810453230375103,7165.1
2017-11-09 17:00:00,0.04839279729610861,0.8583750002042483,0.09260552747477738,0.09743417037332702,7183.78
2017-11-09 18:00:00,0.043402073087174343,0.8533061972848027,0.10265320649921984,0.14257255401056082,7197.39
2017-11-09 19:00:00,0.04051667566135305,0.8400477980821128,0.11927001891298603,0.21338407542863477,7171.75
2017-11-09 20:00:00,0.039855895331332776,0.8413158075491934,0.1181516152099751,0.20697111057337195,7151.72
2017-11-09 21:00:00,0.037770979363999826,0.8437133928459913,0.1135965139471202,0.2023104015350706,7117.7
2017-11-09 22:00:00,0.03460167437926424,0.8292985240198174,0.13323837766306046,0.25936541344340963,7114.0
2017-11-09 23:00:00,0.051916182838782236,0.8285626553895562,0.1162082978489488,0.19715601941918437,7134.47
2017-11-10 00:00:00,0.05242699149798239,0.8414192483884043,0.10539269864224007,0.1351077064423984,7325.36
2017-11-10 01:00:00,0.04541952798818538,0.8416630903362844,0.11102736002042123,0.16098977971299652,7266.27
2017-11-10 02:00:00,0.0394175429655807,0.8411447156486619,0.11610708308499461,0.1895490322781569,7242.41
2017-11-10 03:00:00,0.039899862070535794,0.8285150356333831,0.1288364133495709,0.228495532164029,7250.25
2017-11-10 04:00:00,0.04584127425409097,0.8383003013548784,0.11529485401189071,0.17471454027008693,7287.8
2017-11-10 05:00:00,0.047494139224407296,0.8470010424644632,0.10053659789797911,0.13810054721463813,7204.17
2017-11-10 06:00:00,0.04057287938021614,0.8459079604665452,0.1085971177705401,0.1451329178601757,7222.96
2017-11-10 07:00:00,0.045173660520731136,0.848087153515945,0.10479696581033139,0.13237346648049209,7154.96
2017-11-10 08:00:00,0.041651438407335185,0.8588013538602242,0.09683553303155398,0.12674697064558224,7184.49
2017-11-10 09:00:00,0.034394239043657536,0.8686091506365025,0.0953010450422646,0.1364911314898529,7099.92
2017-11-10 10:00:00,0.03772991269612635,0.87342317525874,0.08687059489801664,0.11809148510993116,7114.15
2017-11-10 11:00:00,0.037630990067847134,0.8804096324734954,0.08146776950629747,0.09430362371788086,6875.13
2017-11-10 12:00:00,0.05143020947854725,0.8642347952349116,0.08358075787756195,0.07966398237159815,6724.29
2017-11-10 13:00:00,0.05178004770566669,0.8638605717473539,0.08296628359547095,0.06734428764731896,6837.48
2017-11-10 14:00:00,0.04918178338929725,0.860481936885452,0.08859780966680064,0.09230113344150327,6769.67
2017-11-10 15:00:00,0.05090884310202087,0.8602947691399309,0.0872533652219908,0.09195004198847767,6829.7
2017-11-10 16:00:00,0.05208779815127291,0.8623572418403758,0.08261009346857291,0.06976978842101765,6887.27
2017-11-10 17:00:00,0.04624943137154763,0.8582492413492118,0.09151497363219485,0.10573671239027874,6779.33
2017-11-10 18:00:00,0.04549265500800087,0.8568921534151682,0.09565030477623365,0.10345143211063829,6494.99
2017-11-10 19:00:00,0.048849317782601855,0.8472794939496257,0.0960513645212015,0.09942251110465224,6605.72
2017-11-10 20:00:00,0.046544938134533996,0.8628330291478429,0.08575431149181596,0.08438113070395223,6436.6
2017-11-10 21:00:00,0.048516881449031386,0.8654118161805732,0.0818476233025661,0.07177974160525638,6584.9
2017-11-10 22:00:00,0.04372674116348885,0.8549106856773407,0.0888686871670032,0.10166568238346836,6696.82
2017-11-10 23:00:00,0.04749886037999409,0.8486293450061582,0.09361367531205685,0.09885330418216999,6570.5
2017-11-11 00:00:00,0.048821972154774684,0.8524446143602643,0.09111959860068919,0.08277568392165355,6727.31
2017-11-11 01:00:00,0.04447100470527072,0.8594281863438785,0.08969116695878358,0.08188894053492729,6821.57
2017-11-11 02:00:00,0.05836389676941424,0.8436033101275027,0.09421776506583693,0.06232922615418765,6787.65
2017-11-11 03:00:00,0.05853894523888504,0.8424973797848122,0.09511735942572554,0.07311163086844578,6781.67
2017-11-11 04:00:00,0.053320808314349544,0.8483300242746016,0.09480609742014047,0.0879637353671586,6804.93
2017-11-11 05:00:00,0.043185675597654176,0.862003732925358,0.09175356431470302,0.10950478520701169,6677.46
2017-11-11 06:00:00,0.04376714876488619,0.8594579149726854,0.09491657400776556,0.11370452262480524,6729.48
2017-11-11 07:00:00,0.04536157177939807,0.8541589756137017,0.09831542920834226,0.1143413477784752,6649.23
2017-11-11 08:00:00,0.052614913267173206,0.8449989773300094,0.10068301020388624,0.10288035365092357,6743.28
2017-11-11 09:00:00,0.04829689357290576,0.8397003525104103,0.10767675991449542,0.12834950758791022,6690.09
2017-11-11 10:00:00,0.041642418149044444,0.8488364071010159,0.10575580625805006,0.13274586685610962,6583.78
2017-11-11 11:00:00,0.04526322594212909,0.8600329025474287,0.09439709696197703,0.11001032184809446,6500.71
2017-11-11 12:00:00,0.06015906995581102,0.833057674335879,0.10059379887904307,0.07408635640769562,6346.87
2017-11-11 13:00:00,0.04983688522129271,0.8488239937512632,0.09950933980803776,0.10229647397417727,6462.79
2017-11-11 14:00:00,0.04887966531227951,0.844886677465647,0.10148631565709293,0.11203779704915981,6409.05
2017-11-11 15:00:00,0.057476251397809534,0.8444372743495102,0.09531778493406166,0.08593461198139146,6359.01
2017-11-11 16:00:00,0.05668720666154188,0.8352117933799627,0.10646643527984692,0.10808449257313414,6400.14
2017-11-11 17:00:00,0.04423008860230912,0.8543171434674545,0.09856204991540342,0.12233014917049045,6373.14
2017-11-11 18:00:00,0.043901603362919234,0.8589235665855527,0.09431232141022784,0.11291052001085997,6241.95
2017-11-11 19:00:00,0.0470133304688645,0.8589133524386201,0.09116907342622821,0.10151228561361772,6346.13
2017-11-11 20:00:00,0.046141845672536874,0.866063232318993,0.08485327129892539,0.0888639151157804,6427.36
2017-11-11 21:00:00,0.04192359726185461,0.8460829144881251,0.10948271463477689,0.17060508328524487,6472.42
2017-11-11 22:00:00,0.0564505780546393,0.8436002887311699,0.09823294769800295,0.10534959433121187,6327.62
2017-11-11 23:00:00,0.04856220092614524,0.846100477399755,0.10241095154412024,0.12156018038120137,6341.35
2017-11-12 00:00:00,0.04822435254819807,0.8565093266917634,0.09189818670172148,0.09181147626494998,6245.98
2017-11-12 01:00:00,0.05158343169188021,0.8556129118374918,0.09161792436992433,0.09436627307026493,6201.58
2017-11-12 02:00:00,0.054853243279315386,0.8459885512143243,0.09767067810399707,0.09847287786564135,6193.32
2017-11-12 03:00:00,0.056356703699176204,0.8410648027278858,0.10145502798363316,0.10720726140266201,6081.27
2017-11-12 04:00:00,0.05605699613402414,0.8459496074547507,0.0965217707301408,0.10808023402522958,6018.71
2017-11-12 05:00:00,0.05267353857920285,0.8472487987627992,0.09922027656378735,0.11030033762563853,5831.63
2017-11-12 06:00:00,0.06169038881814459,0.840365858613264,0.09699461966075183,0.0978593785093911,5617.69
2017-11-12 07:00:00,0.06459642377723769,0.8356889987886357,0.09927795366322957,0.09572537319655432,6125.19
2017-11-12 08:00:00,0.05437015079666957,0.8357672342362744,0.10936520842010072,0.13640711588722,6148.21
2017-11-12 09:00:00,0.052735078200486486,0.855647259473859,0.09162059701968225,0.09564987731866954,6174.62
2017-11-12 10:00:00,0.06065925728833611,0.8501595017105763,0.08821055227840564,0.06947164141193567,6352.36
2017-11-12 11:00:00,0.054140597955522285,0.8506780762767719,0.09457907278697608,0.08811830664203871,6364.22
2017-11-12 12:00:00,0.04570267732071871,0.8560655240814637,0.09824800388620683,0.11811503023279626,6172.02
2017-11-12 13:00:00,0.05390089674139467,0.8444343526991352,0.10097631647888204,0.10614803373196299,6162.25
2017-11-12 14:00:00,0.05080550890963846,0.8513796129755163,0.09669364798665382,0.10600635169797429,6082.69
2017-11-12 15:00:00,0.05476520564763167,0.8521365123605102,0.09310117798822684,0.09128922538930376,6211.41
2017-11-12 16:00:00,0.05686083480247145,0.8456206399548146,0.09715904583812794,0.09605985824890621,6120.33
2017-11-12 17:00:00,0.06585142106196118,0.8371015559757372,0.09150312901483694,0.06854954345678221,6065.27
2017-11-12 18:00:00,0.059929715937683654,0.8484812407257777,0.08665668493294582,0.07204408976209203,6181.04
2017-11-12 19:00:00,0.06014644778342086,0.8462985438428724,0.08918378901598341,0.07196923512117241,6057.66
2017-11-12 20:00:00,0.055278756168322035,0.8568921512003748,0.08609458589879786,0.074676951984801,5923.38
2017-11-12 21:00:00,0.053978064262162014,0.8540741743065825,0.08901130717141577,0.08063821878465552,5906.83
2017-11-12 22:00:00,0.05198662969210336,0.8529144770651712,0.09349631199011224,0.09319707230351773,5680.39
2017-11-12 23:00:00,0.05252832186035122,0.8517310751721365,0.09440471175732658,0.08963425074447126,5870.68
2017-11-13 00:00:00,0.05566219505740375,0.8388679876832701,0.10212042702861675,0.0965473781613826,6030.44
2017-11-13 01:00:00,0.049606514795562245,0.8575802825608216,0.09080023067670723,0.09092652080239635,5844.96
2017-11-13 02:00:00,0.05118238341082563,0.8593630402662593,0.08945734040210078,0.09068324743675162,5906.13
2017-11-13 03:00:00,0.048955849506991785,0.8648278965741496,0.08341732310891754,0.07469108561125895,5965.52
2017-11-13 04:00:00,0.04393770676434796,0.8789109703946074,0.07660942678180623,0.07636524219455582,6072.8
2017-11-13 05:00:00,0.04357777108930274,0.8678571423692885,0.08735971017429851,0.09957562657286914,6236.84
2017-11-13 06:00:00,0.04401754931674963,0.8625052935146528,0.09226686857449125,0.11146629389753049,6279.12
2017-11-13 07:00:00,0.041671559103173716,0.8630138466362146,0.09504430935125179,0.12059426749018347,6253.77
2017-11-13 08:00:00,0.03947674124769778,0.8752552176543987,0.08326653283963349,0.10367684160809526,6258.0
2017-11-13 09:00:00,0.04340712781584864,0.8637774089732151,0.09251857478406739,0.11381220178396226,6389.6
2017-11-13 10:00:00,0.04574993251746014,0.8638092016818881,0.09017916110537048,0.09829910677027194,6431.22
2017-11-13 11:00:00,0.04902304973917529,0.858254812276623,0.09246783212899196,0.09867710226664571,6520.05
2017-11-13 12:00:00,0.06462807473082781,0.8440805776763559,0.09086810896588621,0.06695118725186876,6651.45
2017-11-13 13:00:00,0.05374104322090051,0.853728420560803,0.09141414536601297,0.1006730084656889,6607.03
2017-11-13 14:00:00,0.06943109398578755,0.8398225418655744,0.0893866000142351,0.055873753485611515,6509.11
2017-11-13 15:00:00,0.0596922202106119,0.8464897473871437,0.09026188199762449,0.07946987161903962,6661.73
2017-11-13 16:00:00,0.052779922273140475,0.8517571966935689,0.09157385233949131,0.1010107698584345,6413.22
2017-11-13 17:00:00,0.06235790842523178,0.8398462664267132,0.0918932006545007,0.06872291162424891,6454.57
2017-11-13 18:00:00,0.042104211355491084,0.8577165977581782,0.09522774609145697,0.11229582046928434,6326.58
2017-11-13 19:00:00,0.04504419893582058,0.8568644435736685,0.09198007118853652,0.10483683859545373,6424.0
2017-11-13 20:00:00,0.05259702955433603,0.8555020519723551,0.08780613647384734,0.07801266372580942,6419.15
2017-11-13 21:00:00,0.050851371197775865,0.8523872723907813,0.08734728921238338,0.08359742541947822,6491.5
2017-11-13 22:00:00,0.049863656932324106,0.8552566586781302,0.09104108357755783,0.0974137471639814,6449.18
2017-11-13 23:00:00,0.05855958934420471,0.8460921901548453,0.09225173163042451,0.08419574810276959,6508.73
2017-11-14 00:00:00,0.06338687093090412,0.8405352879796983,0.09451089787998222,0.07001883647205008,6632.19
2017-11-14 01:00:00,0.060879497271021335,0.8485323200582516,0.0897101493539797,0.06145179815393984,6635.01
2017-11-14 02:00:00,0.06077241403125655,0.8546712633950272,0.08197097717944918,0.04812419462979814,6643.99
2017-11-14 03:00:00,0.04604142392411412,0.8677879711918832,0.08187388798468279,0.08236330106280614,6684.15
2017-11-14 04:00:00,0.04918870632827417,0.8181620311757357,0.08214046563170893,0.07062457416155857,6631.24
2017-11-14 05:00:00,0.049544230323566515,0.8212390558906458,0.09004315884996526,0.09230566232596055,6557.21
2017-11-14 06:00:00,0.05517519642971749,0.8315328091850834,0.08975227648155469,0.08645620065780717,6580.07
2017-11-14 07:00:00,0.04849080152351945,0.8327898337187186,0.09221546619777408,0.11155734260291811,6581.94
2017-11-14 08:00:00,0.0513192827859267,0.8394753358645646,0.0990648732335489,0.11860822079673977,6485.73
2017-11-14 09:00:00,0.05764421975466213,0.8409283235152333,0.09074855504417523,0.07988144611964013,6561.55
2017-11-14 10:00:00,0.05254172734151437,0.8550596089340913,0.08688252423782965,0.07471035230913213,6607.51
2017-11-14 11:00:00,0.05165830674355279,0.8542748933391119,0.08761534676684735,0.08692187650396546,6506.24
2017-11-14 12:00:00,0.049046599427814565,0.8585417737439538,0.08818404368528424,0.09002339352673205,6520.59
2017-11-14 13:00:00,0.04267958312183267,0.8664057819739887,0.08619433549034207,0.10744165942544757,6492.38
2017-11-14 14:00:00,0.04592533802054056,0.8588316656726495,0.09191769562543385,0.10394138678566699,6564.06
2017-11-14 15:00:00,0.06405601724952766,0.8516557791925855,0.07953661937865349,0.04238182848381352,6537.28
2017-11-14 16:00:00,0.05646106360642471,0.8536582497123029,0.08467501953011558,0.07128641097144882,6566.48
2017-11-14 17:00:00,0.04797371944961771,0.8609177051399689,0.08823690792688957,0.09891070375429263,6539.72
2017-11-14 18:00:00,0.04469629776880656,0.8640196677448204,0.0864658700528519,0.09726984121925975,6522.74
2017-11-14 19:00:00,0.05169905456973317,0.8460037360141031,0.095694438650775,0.09950085681258967,6593.43
2017-11-14 20:00:00,0.04969665194262884,0.8473080347358648,0.0909294644869598,0.08794928456523589,6616.72
2017-11-14 21:00:00,0.05283474486654833,0.8440857066354416,0.09256068794527572,0.08926238103763506,6594.16
2017-11-14 22:00:00,0.051895225143611515,0.8479961795501136,0.08346657590866902,0.07326180021482485,6574.45
2017-11-14 23:00:00,0.05354156796079386,0.8392084322940567,0.09627286246656983,0.09951071736556694,6594.05
2017-11-15 00:00:00,0.03829133347794413,0.8503613329430422,0.10335100043316682,0.14684413262456655,6738.04
2017-11-15 01:00:00,0.0411996085996225,0.8576666665909264,0.08777592973437327,0.10492817946642562,6774.43
2017-11-15 02:00:00,0.0422888132078307,0.8519454587529162,0.09306941450630359,0.12474282454615006,6908.34
2017-11-15 03:00:00,0.035998664327580886,0.862439753603655,0.09301603007728232,0.13078658767900475,6867.26
2017-11-15 04:00:00,0.034241857892838665,0.8756508078311125,0.0838841689501039,0.11627881575129975,6839.23
2017-11-15 05:00:00,0.03566459819821612,0.8714406204912996,0.08838251067275557,0.11444959035629278,6840.15
2017-11-15 06:00:00,0.034806402937383386,0.8577716703304745,0.09957384509722188,0.1473539406065223,6869.2
2017-11-15 07:00:00,0.039179797514384225,0.864032076012404,0.09088407475637564,0.12744316233863942,6915.86
2017-11-15 08:00:00,0.03773361916008787,0.8700269441196178,0.08826301327409805,0.11720737848836936,6934.66
2017-11-15 09:00:00,0.033874162984180396,0.871936383877515,0.0877753910255186,0.12362499896283095,6912.63
2017-11-15 10:00:00,0.030374677001813892,0.8680054265245295,0.0964545222186996,0.1451963042073284,6959.06
2017-11-15 11:00:00,0.030475569167925466,0.883332067710017,0.08002798889535682,0.11049380876473813,7069.31
2017-11-15 12:00:00,0.03171856801636342,0.8864684060958277,0.07793530309321758,0.10644451123611078,7227.97
2017-11-15 13:00:00,0.039987200827230174,0.8676638852309437,0.08344388804242134,0.10186818713210682,7148.63
2017-11-15 14:00:00,0.03617624658639762,0.875275103726174,0.08509106664154731,0.1177557124230634,7173.42
2017-11-15 15:00:00,0.03318693250741359,0.8698248177215003,0.09182695420158807,0.13550375545547785,7252.12
2017-11-15 16:00:00,0.040182825435892036,0.8709284398394039,0.08613311817250956,0.10130398568883452,7161.77
2017-11-15 17:00:00,0.04232367780135355,0.8679254686885777,0.08520634672668913,0.09789277398333626,7180.04
2017-11-15 18:00:00,0.04340936063997459,0.8588855345309417,0.07719569295083788,0.08556908514440358,7125.7
2017-11-15 19:00:00,0.040649780495352526,0.8667158010227015,0.08477743245366942,0.10261225291519632,7218.0
2017-11-15 20:00:00,0.03635633755895319,0.8666098372283657,0.09179510128456943,0.12799996055349777,7250.02
2017-11-15 21:00:00,0.038858060541702065,0.8681483633810066,0.0867834647648867,0.1134030660149289,7292.22
2017-11-15 22:00:00,0.048004688656397974,0.8656363029130257,0.0778805537805956,0.07241556112872627,7249.48
2017-11-15 23:00:00,0.03939965625942317,0.8596317147396643,0.09001117341018666,0.12132634174240393,7278.07
2017-11-16 00:00:00,0.03940373982803458,0.8645996844529917,0.08809902564020794,0.11091558999326281,7231.8
2017-11-16 01:00:00,0.03483124659231939,0.8725152424595962,0.08749210683118895,0.12165473474500925,7163.39
2017-11-16 02:00:00,0.03460278377491319,0.8599250537265547,0.09851632791629153,0.13758781965539293,7182.19
2017-11-16 03:00:00,0.03572419317770589,0.8612272608563181,0.09291597785441581,0.12364545082025057,7253.27
2017-11-16 04:00:00,0.030806874065770196,0.863539552353668,0.09911702158192728,0.1496818315992777,7222.25
2017-11-16 05:00:00,0.03249027979437426,0.8618178425433632,0.09770785645741756,0.14505714894831676,7218.74
2017-11-16 06:00:00,0.030990438154317727,0.8587729796022636,0.10530351656319586,0.1618887703623887,7284.75
2017-11-16 07:00:00,0.0357406088555794,0.8527452695163793,0.10576336704498943,0.16561115800674003,7373.57
2017-11-16 08:00:00,0.029311069220890423,0.8615106378576359,0.10352356579689494,0.17315733660746907,7398.99
2017-11-16 09:00:00,0.031237340896605098,0.8713338040732258,0.09488967464343662,0.14708967284158483,7457.78
2017-11-16 10:00:00,0.03169001088893278,0.868298045748867,0.0967662867551,0.13799600820772523,7478.92
2017-11-16 11:00:00,0.040983203140195164,0.8693212682237178,0.08828862102295536,0.10322105475382579,7421.01
2017-11-16 12:00:00,0.03529216659877359,0.8651398654597153,0.0976109537311238,0.12936966955322815,7429.59
2017-11-16 13:00:00,0.03766312189907254,0.8576101659619265,0.10068353897207015,0.12856433370955977,7400.79
2017-11-16 14:00:00,0.03621388499352031,0.864507187194443,0.09631451625614669,0.1247772605019278,7495.55
2017-11-16 15:00:00,0.04052262845503775,0.866350832228683,0.08896994953172566,0.10617023801675861,7466.78
2017-11-16 16:00:00,0.04357647050627216,0.8689277814038738,0.085512398385624,0.09158553742390649,7470.05
2017-11-16 17:00:00,0.03817531609899662,0.863166445599432,0.09564502750053948,0.12046535137691382,7689.33
2017-11-16 18:00:00,0.0343292704026873,0.8637395080411847,0.0982907891076304,0.13542829497831485,7801.92
2017-11-16 19:00:00,0.03532792043925418,0.8720843406494432,0.09125683551165024,0.11589496252643965,7761.05
2017-11-16 20:00:00,0.033329332761898714,0.8655864688228924,0.09926423026954376,0.1413627016895125,7758.92
2017-11-16 21:00:00,0.03407873862372392,0.8750281628932048,0.08990301482471054,0.11930214153002033,7891.88
2017-11-16 22:00:00,0.03543278708409979,0.8767260810413054,0.08695141629506063,0.10386014930215483,7784.26
2017-11-16 23:00:00,0.03638596228154944,0.8768017510841993,0.08551580540100341,0.10321554464594068,7846.87
2017-11-18 00:00:00,0.043108128683835414,0.8571212967043136,0.09801671324002045,0.11956545872183148,7617.42
2017-11-18 01:00:00,0.03782304341591963,0.866725815084297,0.09060768134200173,0.12666558011187767,7505.33
2017-11-20 19:00:00,0.039065336976515014,0.8759210253626855,0.08277590116442354,0.10485770313989362,8207.86
2017-11-20 20:00:00,0.04200142916996017,0.8718949619783125,0.08485530606108654,0.09408567261436429,8235.25
2017-11-20 21:00:00,0.03616834131000367,0.8842353242011628,0.07942006022273895,0.0984214340813856,8255.22
2017-11-20 22:00:00,0.03381339717139468,0.8774943536719637,0.08811961755227815,0.12465887039672566,8258.86
2017-11-20 23:00:00,0.04251515155535507,0.8666840119172537,0.09059226791935904,0.11494361483993139,8238.91
2017-11-21 00:00:00,0.04175316761778812,0.8676069906442057,0.08946363239823121,0.11559563625121208,8241.41
2017-11-21 01:00:00,0.04731339312865029,0.8635976693266091,0.08855664401816558,0.10951167280343743,8243.31
2017-11-21 02:00:00,0.03785628586401216,0.8705798116360534,0.09130516465428787,0.12762913371740667,8088.33
2017-11-21 03:00:00,0.03670084576888392,0.8702946615938971,0.09168789679987896,0.13353874095731333,7866.11
2017-11-21 04:00:00,0.05431636860308053,0.8597870230100834,0.08521366383024637,0.08000224573321638,7837.19
2017-11-21 05:00:00,0.0513329368470044,0.8623719376169685,0.08582116554222124,0.0909754336775058,8078.55
2017-11-21 06:00:00,0.04851305631800719,0.861422282274654,0.0895640391507157,0.10893715470028706,8051.72
2017-11-21 07:00:00,0.03512923524508547,0.8790242012990467,0.08511979697364142,0.12437751660517228,8138.37
2017-11-21 08:00:00,0.03756499028163047,0.8755123013508442,0.0864861748817373,0.12506579540344676,8190.06
2017-11-21 09:00:00,0.035605392115665414,0.8753421571470943,0.08880808857251324,0.13106132295517953,8211.91
2017-11-21 10:00:00,0.040138526026458385,0.8701576491532875,0.08947131556194665,0.12034843734325668,8179.06
2017-11-21 11:00:00,0.04692839105864208,0.8641866870194113,0.08792218153071986,0.11055206669671268,8195.42
2017-11-21 12:00:00,0.041047519141850806,0.867153434239271,0.09085019105078496,0.13297068669357628,8211.93
2017-11-21 13:00:00,0.037581985331523945,0.8704536758746733,0.09196746311670936,0.13887159895008047,8218.9
2017-11-21 14:00:00,0.0384496112042609,0.8756980048741365,0.08585339888242459,0.12059289805048123,8341.32
2017-11-21 15:00:00,0.040683484345618824,0.8764522063015897,0.0820076180568702,0.10915082596500526,8347.38
2017-11-21 16:00:00,0.041160765173672134,0.8818469439967743,0.07628483721919396,0.10502594221901385,8281.33
2017-11-21 17:00:00,0.037928265181140376,0.8742542160676526,0.08724649911296559,0.13266771932559876,8298.67
2017-11-21 18:00:00,0.04313997298543703,0.8702334380121318,0.08603319867663235,0.11568651133219982,8254.96
2017-11-21 19:00:00,0.03897980663605217,0.8711908869612492,0.08948360354770432,0.1346595962295578,8111.77
2017-11-21 20:00:00,0.052153523900921726,0.8587741379743775,0.08736277527434047,0.09752416997747215,8172.15
2017-11-21 21:00:00,0.04960256878235384,0.8608958034974277,0.08914381297043755,0.10611316967253,8143.87
2017-11-21 22:00:00,0.04494195148784149,0.8638436129262982,0.09045006643859102,0.11417431740706628,7979.34
2017-11-21 23:00:00,0.04189171560576854,0.8630791472064124,0.09459817301053461,0.13558617056713762,8098.8
2017-11-22 00:00:00,0.051598517834336416,0.8679878511269543,0.07999855835149508,0.08551673784304394,8126.61
2017-11-22 01:00:00,0.06456641574116713,0.8446944627777594,0.0905126447974617,0.07178744495612704,8142.42
2017-11-22 02:00:00,0.05183322839008019,0.8498462659734782,0.09811966317920279,0.12296647719733346,8154.7
2017-11-22 03:00:00,0.04491297096461697,0.8515679544822966,0.10328183102771875,0.13910836943780092,8150.68
2017-11-22 04:00:00,0.03581047887120309,0.8567839056051713,0.10715467474120068,0.1772914264887183,8156.51
2017-11-22 05:00:00,0.038290260177316494,0.8612399802520375,0.09998275452529397,0.1595023560283657,8140.72
2017-11-22 06:00:00,0.050042442451320175,0.8540546037025563,0.09516033779142749,0.1239657484942233,8163.62
2017-11-22 07:00:00,0.03821026791528588,0.8720034384311666,0.08904789989936325,0.12469258206068108,8233.84
2017-11-22 08:00:00,0.04825059025196351,0.8655641802031513,0.08547970757447447,0.10925299726178718,8264.75
2017-11-22 09:00:00,0.03657056999211187,0.8733548522858033,0.08985017830852622,0.1312544077099073,8255.3
2017-11-22 10:00:00,0.03976365731869425,0.8671625140598842,0.09169691460558346,0.12392329119018146,8283.22
2017-11-22 11:00:00,0.04025042283373144,0.8752189342181308,0.08431255311208415,0.10852371015257674,8264.86
2017-11-22 12:00:00,0.041633107131850776,0.8703455865466883,0.08755139337106406,0.10627984070410772,8239.41
2017-11-22 13:00:00,0.04049866002040376,0.8646532070648464,0.0941320355187543,0.1243835270104636,8189.29
2017-11-22 14:00:00,0.03952200436304247,0.8645366733610994,0.09396439811970976,0.1278451791799759,8219.29
2017-11-22 15:00:00,0.047663862735514366,0.8672629535012699,0.08456746329306493,0.08909316947061661,8225.62
2017-11-22 16:00:00,0.04297219012768196,0.8625009105638092,0.09170998194765381,0.11603817204992427,8191.77
2017-11-22 17:00:00,0.041979579721132004,0.8644012517484152,0.08989208550724778,0.1182447900741716,8145.07
2017-11-22 18:00:00,0.03352875302541678,0.8760417920703256,0.0887594452561871,0.1272936807693157,8145.67
2017-11-22 19:00:00,0.03652768069649795,0.8640965306876879,0.09727154892739417,0.13182447398006042,8186.38
2017-11-22 20:00:00,0.03904580878223726,0.8669124628895292,0.09311498537485541,0.12558573748535878,8193.79
2017-11-22 21:00:00,0.038024848759155676,0.8561229893374129,0.10480872847374756,0.14789500834463495,8201.63
2017-11-22 22:00:00,0.037359548449053544,0.8713172008720081,0.09011453914922388,0.11825557511144347,8263.65
2017-11-22 23:00:00,0.04110107075850525,0.8603574811655519,0.09256559617414918,0.11353995433396699,8236.17
2017-11-23 00:00:00,0.04366112612187863,0.8597557648576936,0.09255844500944538,0.11364691652377552,8224.78
2017-11-23 01:00:00,0.04266443697334897,0.8641382384891627,0.09208193989709401,0.11800259175725175,8189.57
2017-11-23 02:00:00,0.0393492064468605,0.8674001201884624,0.09205330941657636,0.11640931393557338,8227.73
2017-11-23 03:00:00,0.041754103741314656,0.863739857112671,0.09264478167145752,0.12010139301096223,8207.02
2017-11-23 04:00:00,0.03826215591960367,0.8676151139743509,0.09178470994231816,0.1198162268012474,8212.34
2017-11-23 05:00:00,0.041910704375098494,0.8682138097208537,0.08932279541063692,0.10577565114335656,8245.72
2017-11-23 06:00:00,0.03949282711840715,0.8667142053529012,0.09351448687906842,0.12414857904661221,8248.22
2017-11-23 07:00:00,0.03569636967574114,0.8626608902914296,0.10109735969699944,0.15256174307468176,8139.39
2017-11-23 08:00:00,0.0410490253530339,0.8643671303821473,0.09347103074566568,0.1243775480719994,8165.27
2017-11-23 09:00:00,0.040580455081972035,0.8644889079304231,0.0935321538412263,0.12897893814571418,8169.84
2017-11-23 10:00:00,0.03920126937800726,0.8642610420202711,0.09521872551135839,0.13344498751382053,8102.7
2017-11-23 11:00:00,0.033341530667649166,0.87121834032455,0.09452171929795368,0.14562852155789432,8140.51
2017-11-23 12:00:00,0.031889525230816625,0.8719699351884561,0.09614125526312625,0.15259009718056524,8171.82
2017-11-23 13:00:00,0.035965072877101,0.865578170470785,0.09845987532884193,0.14662010320801125,8201.35
2017-11-23 14:00:00,0.033078101429096375,0.8639657715513017,0.10276739810820269,0.15504294531821428,8189.81
2017-11-23 15:00:00,0.03730852712987136,0.8616784199059343,0.10050771350761271,0.14328886174609004,8177.63
2017-11-23 16:00:00,0.03850903296978432,0.8619966340342651,0.09914080837158881,0.13771905723511857,8164.69
2017-11-23 17:00:00,0.03445079930417809,0.8561426285515352,0.1090561282538129,0.16402855996393184,8161.15
2017-11-23 18:00:00,0.030769745486445243,0.86082363762813,0.10822319280708552,0.17813114591719625,8137.85
2017-11-23 19:00:00,0.028923690287239325,0.8666672357835368,0.10194514074059445,0.16980848429801831,8149.34
2017-11-23 20:00:00,0.025944020374336487,0.8737475465385969,0.0977639044052371,0.17321750152693952,8178.44
2017-11-23 21:00:00,0.029283512140919524,0.8746714147024038,0.09546439039271053,0.1628469642698765,8168.75
2017-11-23 22:00:00,0.031233777467674997,0.869420582644669,0.0993454232234048,0.16553410428415627,8129.48
2017-11-23 23:00:00,0.02812422963586058,0.8605863937264685,0.11079492243564655,0.1905246239797379,8016.64
2017-11-24 00:00:00,0.03670925986731586,0.8604781877070187,0.09971151151058709,0.1496136781834003,8000.3
2017-11-24 01:00:00,0.03483557951806476,0.862743934758697,0.10211949710357364,0.15356942122688758,7958.83
2017-11-24 02:00:00,0.02841043725126385,0.8738084624869531,0.09609083220341647,0.1508106342772986,8085.6
2017-11-24 03:00:00,0.026219404700942247,0.8806196248370337,0.09233930558910904,0.15482196781775054,8094.39
2017-11-24 04:00:00,0.03209262102861289,0.8644422388031282,0.10219414773238372,0.16302742990688834,8079.96
2017-11-24 05:00:00,0.027458876795771275,0.8717218525142533,0.09975618891277178,0.17390713263201407,8111.17
2017-11-24 06:00:00,0.028862170030898457,0.8758656361069053,0.09527246105519176,0.159982724229216,8182.54
2017-11-24 07:00:00,0.025426225141934572,0.8690904687105101,0.10467582142133994,0.18119396791303422,8249.12
2017-11-24 08:00:00,0.023897319380327697,0.8755169944037884,0.10058760189693358,0.17107448459744665,8241.95
2017-11-24 09:00:00,0.0256624698269093,0.8629450366550439,0.11018910427413177,0.19496644061266222,8202.17
2017-11-24 10:00:00,0.025593920647779517,0.8741781045785569,0.09999928788426397,0.179455734290425,8186.82
2017-11-24 11:00:00,0.032715531899669366,0.8644174949175976,0.10117567260913246,0.16085992191868773,8242.31
2017-11-24 12:00:00,0.028323961481293465,0.8711742661372507,0.0977218848820153,0.160709117964196,8192.93
2017-11-24 13:00:00,0.03882848891083837,0.854547308907266,0.10354133192591877,0.14862498402836655,8207.91
2017-11-24 14:00:00,0.03102380050114744,0.8638622967725459,0.10398810016062401,0.1597409888487668,8181.13
2017-11-24 15:00:00,0.03258980010501006,0.8641363050965645,0.1025479730827571,0.1537278104164123,8186.81
2017-11-24 16:00:00,0.03270039297079212,0.8669050414464056,0.09974476181095089,0.1567301556097341,8190.47
2017-11-24 17:00:00,0.026701440667706716,0.8632200993047864,0.10869536637054551,0.19167817903805776,8224.17
2017-11-24 18:00:00,0.02947966621461293,0.8601983647758469,0.10944113099282365,0.18504686271293805,8249.45
2017-11-24 19:00:00,0.027471655424639637,0.8590835759535089,0.10971768876971513,0.1882361980232947,8214.86
2017-11-24 20:00:00,0.03603679026519021,0.8639193445154939,0.09782029577284865,0.14072075945368306,8237.4
2017-11-24 21:00:00,0.030173145887093206,0.8478507600604849,0.11728708784264896,0.20156811794950238,8256.61
2017-11-24 22:00:00,0.04205989174016015,0.8433105397009394,0.11298349516040676,0.17644159263488501,8257.26
2017-11-24 23:00:00,0.040191072109479746,0.8535046911320973,0.10545550240587707,0.15955621267427664,8202.57
2017-11-25 00:00:00,0.033932237778278126,0.8590687732705575,0.10548546188870062,0.18391651089754138,8189.12
2017-11-25 01:00:00,0.042261178976187946,0.8520912036171742,0.10358128549190784,0.14757186809854198,8168.79
2017-11-25 02:00:00,0.03957038531752408,0.8584740088122653,0.10083422342058346,0.14653928033080152,8194.51
2017-11-25 03:00:00,0.03267941845818256,0.869560543241623,0.09714037348721512,0.15346379941573748,8192.31
2017-11-25 04:00:00,0.03111019749868367,0.8741779052979198,0.09417023061235484,0.1464887058044265,8236.77
2017-11-25 05:00:00,0.030529533029319003,0.8613279528562798,0.1074581050958771,0.18157098085026557,8229.12
2017-11-25 06:00:00,0.031912136880251074,0.8677866668680794,0.09859794907717623,0.1628436579173192,8227.79
2017-11-25 07:00:00,0.03286456758824374,0.8627490072904905,0.10378324710577498,0.17587407516871925,8308.15
2017-11-25 08:00:00,0.030284520165297528,0.8685409926730002,0.10009708765898193,0.1677837372815765,8379.09
2017-11-25 09:00:00,0.029189095930493576,0.8591271273157698,0.10902739386668706,0.18618587699837666,8425.03
2017-11-25 10:00:00,0.03351968716844586,0.8625739248199911,0.10339374209825809,0.16770962130890327,8437.21
2017-11-25 11:00:00,0.026553995255155366,0.8631382573855991,0.11006949189193456,0.1888978925576438,8455.67
2017-11-25 12:00:00,0.02975241578852704,0.8585907548751617,0.11140663373109161,0.19374646017992891,8597.18
2017-11-25 13:00:00,0.033263271209308616,0.858156513659891,0.10819745369029325,0.1762486971258008,8618.86
2017-11-25 14:00:00,0.03205322426960192,0.8664278400377461,0.10008945789878297,0.15837758457480702,8585.42
2017-11-25 15:00:00,0.032847559783210425,0.8714613369859637,0.09489114281013802,0.15168831075782407,8635.72
2017-11-25 16:00:00,0.03212122324067558,0.873843314048285,0.0934968337461134,0.14120823191824283,8714.02
2017-11-25 17:00:00,0.03824112762197774,0.8669830184650656,0.0942664290760152,0.137592493738387,8707.68
2017-11-25 18:00:00,0.04099147452402079,0.8556985951877883,0.10314292883278135,0.14728416829232646,8653.51
2017-11-25 19:00:00,0.04177267633649385,0.8559029220088177,0.10176180685469616,0.14968292703597236,8666.76
2017-11-25 20:00:00,0.0402178579806128,0.8593755491016514,0.09944606283374458,0.14234094571484235,8700.32
2017-11-25 21:00:00,0.03835477824957076,0.869120389991142,0.09195936823780933,0.1309510909642483,8703.42
2017-11-25 22:00:00,0.04584533261589093,0.8563635272410097,0.09740763488210903,0.12191793897723016,8678.67
2017-11-25 23:00:00,0.037587330535020495,0.8550975093677033,0.10708099544065165,0.16829601809660572,8764.63
2017-11-26 00:00:00,0.030950449326976003,0.8685502312243748,0.09940893012647924,0.16274799787088987,8830.37
2017-11-26 01:00:00,0.028650023896093037,0.8757280078187365,0.09467902983380708,0.15413711247682266,8834.24
2017-11-26 02:00:00,0.0402565265126967,0.867947523251422,0.09126611607279242,0.12743028669286127,8804.57
2017-11-26 03:00:00,0.02493531070562625,0.8937218584318631,0.08134423166127168,0.1352704337807629,8853.7
2017-11-26 04:00:00,0.034308282547449984,0.873029140492707,0.09093076241587099,0.14307997312040072,8944.25
2017-11-26 05:00:00,0.036063616231244634,0.8779494048212655,0.08450632430183413,0.1174821238418233,8915.33
2017-11-26 06:00:00,0.033462963272140274,0.8789532167390425,0.08603001924968719,0.12808089555980054,9018.44
2017-11-26 07:00:00,0.02860004061295295,0.8785514871878299,0.09204551866818796,0.14324849234653128,8969.99
2017-11-26 08:00:00,0.036589646143383746,0.8704623490545259,0.09227969498861563,0.14210333858071048,8870.59
2017-11-26 09:00:00,0.02871289042978307,0.8788963548549732,0.09239837928562611,0.1543154391762573,8889.8
2017-11-26 10:00:00,0.03062524679952707,0.8671698715442266,0.10072879646160811,0.16304467391191488,8939.16
2017-11-26 11:00:00,0.02834000007369939,0.8744357645686935,0.09581976423894657,0.15973207032242243,8971.68
2017-11-26 12:00:00,0.029189636496490003,0.875908555605301,0.09447441745006828,0.1545103632070606,8965.01
2017-11-26 13:00:00,0.0247873780188157,0.8936645372173868,0.0813679563673668,0.13442176865161187,8990.26
2017-11-26 14:00:00,0.0336646487566104,0.8635156396644869,0.10248402281192229,0.16161733875167048,8994.28
2017-11-26 15:00:00,0.026299783443186883,0.8696488908128408,0.10354640866727396,0.16942111215492256,9118.07
2017-11-26 16:00:00,0.02845175657958558,0.8814474299010895,0.08957564230572665,0.1351092545998182,9282.29
2017-11-26 17:00:00,0.03191033663012766,0.8775443742131944,0.09028608711493277,0.13163823970364755,9275.67
2017-11-26 18:00:00,0.03362166779949046,0.8692950644769024,0.0965600421941746,0.13775547517840986,9481.28
2017-11-26 19:00:00,0.03758782487960276,0.8731700687636736,0.08772568184511527,0.11887802066427308,9233.84
2017-11-26 20:00:00,0.03876458537520783,0.8719454423387282,0.0886546831280792,0.11393420000213135,9304.96
2017-11-26 21:00:00,0.030934817351587,0.8790124915015194,0.08925304303636618,0.13117371802725386,9351.25
2017-11-26 22:00:00,0.033600710970163344,0.8794472874085109,0.08676924453311496,0.1181331548506187,9337.11
2017-11-26 23:00:00,0.03453130027123456,0.8727866933480588,0.09214125249009306,0.12225680286803889,9328.25
